{
  "abi_visbehave": {
    "duration": {
      "norm": {
        "sse": 687.2929658342194,
        "ks_stat": 0.09591444447085051,
        "ks_pvalue": 0.0,
        "aic": 435.49484028170787,
        "bic": -2239743.5351434215
      },
      "halfnorm": {
        "sse": 910.7591797462819,
        "ks_stat": 0.14456897994810183,
        "ks_pvalue": 0.0,
        "aic": 317.9287894137268,
        "bic": -2138948.8764029182
      },
      "lognorm": {
        "sse": 170.68980660212375,
        "ks_stat": 0.024704343439839738,
        "ks_pvalue": 2.9503269500639427e-190,
        "aic": -25.33304702427449,
        "bic": -2738449.2208948843
      }
    },
    "peak_power": {
      "norm": {
        "sse": 0.4094703136836243,
        "ks_stat": 0.08807752213671854,
        "ks_pvalue": 0.0,
        "aic": 491.7333897122981,
        "bic": -4898423.803917
      },
      "halfnorm": {
        "sse": 0.008661751496681209,
        "ks_stat": 0.013416550555433115,
        "ks_pvalue": 2.068346073225601e-56,
        "aic": 462.57089599541024,
        "bic": -6279007.230037474
      },
      "lognorm": {
        "sse": 0.1175578054464184,
        "ks_stat": 0.036630925251144864,
        "ks_pvalue": 0.0,
        "aic": 483.2656273724547,
        "bic": -5345221.388211232
      }
    }
  },
  "abi_viscoding": {
    "duration": {
      "norm": {
        "sse": 503.6121327478933,
        "ks_stat": 0.09545915043074304,
        "ks_pvalue": 0.0,
        "aic": 48.508165365167635,
        "bic": -863879.0318537576
      },
      "halfnorm": {
        "sse": 766.9268670297633,
        "ks_stat": 0.2527183352716852,
        "ks_pvalue": 0.0,
        "aic": -143.9051537249413,
        "bic": -800200.3518235043
      },
      "lognorm": {
        "sse": 95.36985395509507,
        "ks_stat": 0.017519563771648816,
        "ks_pvalue": 8.484398416447207e-41,
        "aic": -105.59212523795678,
        "bic": -1115811.6650168747
      }
    },
    "peak_power": {
      "norm": {
        "sse": 0.34944970351141585,
        "ks_stat": 0.08099516491059072,
        "ks_pvalue": 0.0,
        "aic": 458.96790866665094,
        "bic": -1965078.1854202969
      },
      "halfnorm": {
        "sse": 0.018641193132089486,
        "ks_stat": 0.025007740210312157,
        "ks_pvalue": 1.0930171843092746e-82,
        "aic": 444.3680771865844,
        "bic": -2408844.094260184
      },
      "lognorm": {
        "sse": 0.14687747282210045,
        "ks_stat": 0.04437629437013568,
        "ks_pvalue": 1.5879975050315788e-259,
        "aic": 463.51411375894287,
        "bic": -2096298.194872986
      }
    }
  },
  "ibl": {
    "duration": {
      "norm": {
        "sse": 482.4062213280918,
        "ks_stat": 0.09267326110068463,
        "ks_pvalue": 2.8883e-320,
        "aic": 30.287281546600155,
        "bic": -191903.51071636323
      },
      "halfnorm": {
        "sse": 676.0745098235024,
        "ks_stat": 0.24484344653345771,
        "ks_pvalue": 0.0,
        "aic": -145.78763701026793,
        "bic": -177461.16899864783
      },
      "lognorm": {
        "sse": 104.54972931412235,
        "ks_stat": 0.02141608016775637,
        "ks_pvalue": 1.7645203758507574e-17,
        "aic": -113.26427212678064,
        "bic": -257324.0499992661
      }
    },
    "peak_power": {
      "norm": {
        "sse": 0.5160431143731933,
        "ks_stat": 0.09747232319369004,
        "ks_pvalue": 0.0,
        "aic": 483.6651262038075,
        "bic": -484602.15157043556
      },
      "halfnorm": {
        "sse": 0.027729272122095514,
        "ks_stat": 0.02264971083184092,
        "ks_pvalue": 1.6804116405943398e-19,
        "aic": 459.16500599409727,
        "bic": -609707.3475893062
      },
      "lognorm": {
        "sse": 0.14005497219197582,
        "ks_stat": 0.04028368539813565,
        "ks_pvalue": 9.002067022883656e-61,
        "aic": 483.9939801090182,
        "bic": -540396.2933507703
      }
    }
  }
}